Poste,Type,Étape,Début,Fin
SST Kénitra,SST,GC,2025-04-10,2025-04-20
SST Kénitra,SST,Bâtiment,2025-04-20,2025-05-05
SST Kénitra,SST,MALT,2025-05-05,2025-05-10
SST Kénitra,SST,HT,2025-05-10,2025-05-20
SST Kénitra,SST,BT,2025-05-20,2025-05-30
SST Kénitra,SST,CC,2025-05-30,2025-06-06
SST Kénitra,SST,ESSAIS,2025-06-06,2025-06-11
SST Rabat Sud,SST,GC,2025-04-10,2025-04-20
SST Rabat Sud,SST,Bâtiment,2025-04-20,2025-05-05
SST Rabat Sud,SST,MALT,2025-05-05,2025-05-10
SST Rabat Sud,SST,HT,2025-05-10,2025-05-20
SST Rabat Sud,SST,BT,2025-05-20,2025-05-30
SST Rabat Sud,SST,CC,2025-05-30,2025-06-06
SST Rabat Sud,SST,ESSAIS,2025-06-06,2025-06-11
SST Nouaceur,SST,GC,2025-04-10,2025-04-20
SST Nouaceur,SST,Bâtiment,2025-04-20,2025-05-05
SST Nouaceur,SST,MALT,2025-05-05,2025-05-10
SST Nouaceur,SST,HT,2025-05-10,2025-05-20
SST Nouaceur,SST,BT,2025-05-20,2025-05-30
SST Nouaceur,SST,CC,2025-05-30,2025-06-06
SST Nouaceur,SST,ESSAIS,2025-06-06,2025-06-11
SST Marrakech,SST,GC,2025-04-10,2025-04-20
SST Marrakech,SST,Bâtiment,2025-04-20,2025-05-05
SST Marrakech,SST,MALT,2025-05-05,2025-05-10
SST Marrakech,SST,HT,2025-05-10,2025-05-20
SST Marrakech,SST,BT,2025-05-20,2025-05-30
SST Marrakech,SST,CC,2025-05-30,2025-06-06
SST Marrakech,SST,ESSAIS,2025-06-06,2025-06-11
P25 Sidi Yahya,P,GC,2025-04-10,2025-04-20
P25 Sidi Yahya,P,Bâtiment,2025-04-20,2025-05-05
P25 Sidi Yahya,P,MALT,2025-05-05,2025-05-10
P25 Sidi Yahya,P,HT,2025-05-10,2025-05-20
P25 Sidi Yahya,P,BT,2025-05-20,2025-05-30
P25 Sidi Yahya,P,CC,2025-05-30,2025-06-06
P25 Sidi Yahya,P,ESSAIS,2025-06-06,2025-06-11
P25 Skhirat,P,GC,2025-04-10,2025-04-20
P25 Skhirat,P,Bâtiment,2025-04-20,2025-05-05
P25 Skhirat,P,MALT,2025-05-05,2025-05-10
P25 Skhirat,P,HT,2025-05-10,2025-05-20
P25 Skhirat,P,BT,2025-05-20,2025-05-30
P25 Skhirat,P,CC,2025-05-30,2025-06-06
P25 Skhirat,P,ESSAIS,2025-06-06,2025-06-11
P25 Benguerir,P,GC,2025-04-10,2025-04-20
P25 Benguerir,P,Bâtiment,2025-04-20,2025-05-05
P25 Benguerir,P,MALT,2025-05-05,2025-05-10
P25 Benguerir,P,HT,2025-05-10,2025-05-20
P25 Benguerir,P,BT,2025-05-20,2025-05-30
P25 Benguerir,P,CC,2025-05-30,2025-06-06
P25 Benguerir,P,ESSAIS,2025-06-06,2025-06-11
P25 Settat,P,GC,2025-04-10,2025-04-20
P25 Settat,P,Bâtiment,2025-04-20,2025-05-05
P25 Settat,P,MALT,2025-05-05,2025-05-10
P25 Settat,P,HT,2025-05-10,2025-05-20
P25 Settat,P,BT,2025-05-20,2025-05-30
P25 Settat,P,CC,2025-05-30,2025-06-06
P25 Settat,P,ESSAIS,2025-06-06,2025-06-11
SP Rabat,SP,GC,2025-04-10,2025-04-20
SP Rabat,SP,Bâtiment,2025-04-20,2025-05-05
SP Rabat,SP,MALT,2025-05-05,2025-05-10
SP Rabat,SP,HT,2025-05-10,2025-05-20
SP Rabat,SP,BT,2025-05-20,2025-05-30
SP Rabat,SP,CC,2025-05-30,2025-06-06
SP Rabat,SP,ESSAIS,2025-06-06,2025-06-11
SP Casa,SP,GC,2025-04-10,2025-04-20
SP Casa,SP,Bâtiment,2025-04-20,2025-05-05
SP Casa,SP,MALT,2025-05-05,2025-05-10
SP Casa,SP,HT,2025-05-10,2025-05-20
SP Casa,SP,BT,2025-05-20,2025-05-30
SP Casa,SP,CC,2025-05-30,2025-06-06
SP Casa,SP,ESSAIS,2025-06-06,2025-06-11
SP El Jadida,SP,GC,2025-04-10,2025-04-20
SP El Jadida,SP,Bâtiment,2025-04-20,2025-05-05
SP El Jadida,SP,MALT,2025-05-05,2025-05-10
SP El Jadida,SP,HT,2025-05-10,2025-05-20
SP El Jadida,SP,BT,2025-05-20,2025-05-30
SP El Jadida,SP,CC,2025-05-30,2025-06-06
SP El Jadida,SP,ESSAIS,2025-06-06,2025-06-11
